DCLR_RCPT_NO,DCLR_DT,DCLR_YMD,DCLR_TM,DCLR_YR,DCLR_MM,DCLR_DAY,DCLR_HR,DCLR_MN,DCLR_DOW,SEASN_NM,QTR_NO,CTPV_NM,SGG_NM,EMD_NM,CTY_FRMVL_SE_NM,EMD_SE_NM,RCPT_END_DT,RCPT_END_YMD,RCPT_END_TM,OTR_CTPV_DCLR_YN,DCLR_PSTN_LOT,DCLR_PSTN_LAT,DSPT_DRTV_DT,GRNDS_ARVL_DT,HSPTL_ARVL_DT,CBK_DT,SITTN_END_DT,FRSTN_NM,CNTR_NM,CLMTY_CTPV_NM,CLMTY_SGG_NM,CLMTY_EMD_NM,LOT,LAT
XO1141414661,20230105180525,20230105,180525,2023,1,5,18,5,목요일,겨울,1,서울특별시,,,,,20230105180603,20230105,180603,N,126.9064,37.5169,20230105180603,20230105180852,,20230105181530,20230105183439,영등포소방서,영등포119안전센터,서울특별시,영등포구,영등포동3가,126.9076863969,37.5169248361
XO1141414728,20230105181356,20230105,181356,2023,1,5,18,13,목요일,겨울,1,서울특별시,,,,,20230105181547,20230105,181547,N,126.9064,37.5169,20230105180603,20230105180852,,20230105181530,20230105183439,영등포소방서,영등포119안전센터,서울특별시,영등포구,영등포동3가,126.9076863969,37.5169248361
XO5004525209,20230105172417,20230105,172417,2023,1,5,17,24,목요일,겨울,1,제주특별자치도,제주시,애월읍,농촌,읍,20230105172549,20230105,172549,N,126.4232,33.4278,,20230105174220,,20230105183347,20230105183438,서부소방서,애월센터,제주특별자치도,제주시,애월읍,126.4232100004,33.4278219996
XO4354759298,20230105181223,20230105,181223,2023,1,5,18,12,목요일,겨울,1,충청북도,,,,,20230105181311,20230105,181311,N,0,0,,,,20230105182639,20230105183438,단양소방서,단양119안전센터,충청북도,단양군,단양읍,128.3563218545,36.9891186527
XO4136457891,20230105235449,20230105,235449,2023,1,5,23,54,목요일,겨울,1,경기도,의정부시,신곡동,도시,동,20230105235536,20230105,235536,N,127.0816,37.7523,,20230105235923,20230106002639,20230106003135,20230106012915,의정부소방서,금오119안전센터,경기도,의정부시,신곡동,127.0776385627,37.7572878338
XO4136457901,20230106000216,20230106,216,2023,1,6,0,2,금요일,겨울,1,경기도,의정부시,신곡동,도시,동,20230106000304,20230106,304,N,127.0777,37.7572,,20230105235923,20230106002639,20230106003135,20230106012915,의정부소방서,금오119안전센터,경기도,의정부시,신곡동,127.0776385627,37.7572878338
XO4115323495,20230106004344,20230106,4344,2023,1,6,0,43,금요일,겨울,1,경기도,평택시,안중읍,농촌,읍,20230106004509,20230106,4509,N,0,0,,20230106010013,,20230106012139,20230106012923,평택소방서,안중119안전센터,경기도,평택시,안중읍,126.9272823799,36.9884064161
XO4208253952,20230105123340,20230105,123340,2023,1,5,12,33,목요일,겨울,1,강원도,원주시,우산동,도시,동,20230105123438,20230105,123438,N,127.9293,37.3318,,,,20230105143954,20230105151012,원주소방서,흥업119안전센터,강원도,원주시,무실동,127.9291614349,37.3333541449
XO4208253972,20230105124735,20230105,124735,2023,1,5,12,47,목요일,겨울,1,강원도,원주시,우산동,도시,동,20230105124829,20230105,124829,N,127.9298,37.338,,,,20230105143954,20230105151012,원주소방서,흥업119안전센터,강원도,원주시,무실동,127.9291614349,37.3333541449
XO3103704318,20230105142141,20230105,142141,2023,1,5,14,21,목요일,겨울,1,울산광역시,동구,전하동,도시,동,20230105142322,20230105,142322,N,129.4247,35.5135,,,20230105145350,20230105150850,20230105151012,동부소방서,전하119안전센터,울산광역시,동구,전하동,129.4244330906,35.5122672028
XO4411731434,20230105134221,20230105,134221,2023,1,5,13,42,목요일,겨울,1,충청남도,서천군,장항읍,농촌,읍,20230105134244,20230105,134244,N,126.6812,36.0118,,,,20230105150656,20230105151009,서천소방서,장항119안전센터,충청남도,서천군,장항읍,126.6889848849,36.0144386913
XO4809644235,20230105111852,20230105,111852,2023,1,5,11,18,목요일,겨울,1,경상남도,함안군,가야읍,농촌,읍,20230105111940,20230105,111940,N,0,0,,,,20230105133944,20230105151003,함안소방서,가야119안전센터,경상남도,함안군,가야읍,128.4000639923,35.2858602847
XO1141413956,20230105145137,20230105,145137,2023,1,5,14,51,목요일,겨울,1,서울특별시,,,,,20230105145444,20230105,145444,N,127.0906,37.5447,20230105145444,20230105145851,,20230105150959,20230105151001,광진소방서,구의119안전센터,서울특별시,광진구,구의동,127.0908036726,37.5437401859
XO4809644270,20230105114920,20230105,114920,2023,1,5,11,49,목요일,겨울,1,경상남도,,,,,20230105115113,20230105,115113,N,128.0464,34.9969,,20230105121132,,20230105131412,20230105150955,사천소방서,사남119안전센터,경상남도,사천시,사남면,128.157022567,34.9905187484
XO4711025271,20230105113219,20230105,113219,2023,1,5,11,32,목요일,겨울,1,경상북도,울진군,기성면,농촌,면,20230105113242,20230105,113242,N,0,0,,,,,20230105164848,울진소방서,후포119안전센터,경상북도,울진군,기성면,129.4490126554,36.8047349527
XO3103704382,20230105153558,20230105,153558,2023,1,5,15,35,목요일,겨울,1,울산광역시,중구,우정동,도시,동,20230105153638,20230105,153638,N,129.3151,35.5572,,20230105154155,20230105160504,20230105164459,20230105164847,중부소방서,유곡119안전센터,울산광역시,중구,우정동,129.315091839,35.5571805885
XO4115321799,20230105154700,20230105,154700,2023,1,5,15,47,목요일,겨울,1,경기도,,,,,20230105154756,20230105,154756,N,127.2175,37.188,,20230105155344,,20230105164431,20230105164826,용인소방서,이동119안전센터,경기도,용인시 처인구,이동읍,127.2175000005,37.1880099995
XO4411731745,20230105161722,20230105,161722,2023,1,5,16,17,목요일,겨울,1,충청남도,서산시,예천동,도시,동,20230105161734,20230105,161734,N,0,0,,,,20230105164653,20230105164812,서산소방서,예천119안전센터,충청남도,서산시,예천동,126.4451645839,36.7734253975
XO4711025738,20230105160103,20230105,160103,2023,1,5,16,1,목요일,겨울,1,경상북도,군위군,군위읍,농촌,읍,20230105160117,20230105,160117,N,128.5577,36.2111,,,,20230105164755,20230105164800,의성소방서,군위119안전센터,경상북도,군위군,군위읍,128.5576934815,36.2111129758
XO4711025785,20230105162821,20230105,162821,2023,1,5,16,28,목요일,겨울,1,경상북도,,,,,20230105163103,20230105,163103,N,126.8988,37.4869,,,,20230105164736,20230105164755,영주소방서,풍기119안전센터,경상북도,영주시,부석면,128.6901631844,36.9976247745
XO4510852403,20230105162156,20230105,162156,2023,1,5,16,21,목요일,겨울,1,전라북도,고창군,고창읍,농촌,읍,20230105162216,20230105,162216,N,0,0,,20230105162823,,20230105164643,20230105164753,고창소방서,고창119안전센터,전라북도,고창군,고창읍,126.688102193,35.4324643144
XO4510852352,20230105152335,20230105,152335,2023,1,5,15,23,목요일,겨울,1,전라북도,정읍시,수성동,도시,동,20230105152418,20230105,152418,N,126.8651,35.5844,,20230105152749,20230105160658,20230105164625,20230105164742,정읍소방서,하북119안전센터,전라북도,정읍시,수성동,126.8633036962,35.5834216526
XO1141416091,20230105235714,20230105,235714,2023,1,5,23,57,목요일,겨울,1,서울특별시,,,,,20230106000108,20230106,108,N,127.0156,37.5922,20230106000108,20230106001821,,20230106003108,20230106003153,서대문소방서,홍은119안전센터,서울특별시,성북구,정릉동,127.0004098613,37.608221236
XO2622794736,20230105225627,20230105,225627,2023,1,5,22,56,목요일,겨울,1,부산광역시,,,,,20230105225736,20230105,225736,N,129.0711,35.0796,20230105225736,20230105230326,,20230106000738,20230106003123,항만소방서,동삼119안전센터,부산광역시,영도구,동삼동,129.0704251896,35.0793397764
XO4711025382,20230105125318,20230105,125318,2023,1,5,12,53,목요일,겨울,1,경상북도,문경시,산북면,농촌,면,20230105125330,20230105,125330,N,128.2618,36.657,,,,,20230105164854,문경소방서,점촌119안전센터,경상북도,문경시,산북면,128.2617950443,36.6570396422
XO3103704057,20230105043331,20230105,43331,2023,1,5,4,33,목요일,겨울,1,울산광역시,동구,화정동,도시,동,20230105043457,20230105,43457,N,129.4226,35.4846,,20230105043959,20230105045534,20230105051517,20230105051816,동부소방서,화암119안전센터,울산광역시,동구,방어동,129.4229349963,35.4846003357
XO4208254695,20230106001757,20230106,1757,2023,1,6,0,17,금요일,겨울,1,강원도,강릉시,옥천동,도시,동,20230106001850,20230106,1850,N,128.907,37.76,,,,20230106002620,20230106003255,강릉소방서,옥천119안전센터,강원도,강릉시,입암동,128.9135436876,37.7613051862
XO4136457900,20230106000200,20230106,200,2023,1,6,0,2,금요일,겨울,1,경기도,,,,,20230106000222,20230106,222,N,126.8325,37.6327,,20230106001311,,20230106003043,20230106003249,고양소방서,원당119안전센터,경기도,고양시 덕양구,화정동,126.8325000004,37.6327000001
XO4136457919,20230106002700,20230106,2700,2023,1,6,0,27,금요일,겨울,1,경기도,,,,,20230106002722,20230106,2722,N,126.7897,37.6398,,,,20230106002906,20230106003235,일산소방서,백석119안전센터,경기도,고양시 일산동구,백석동,126.7897000003,37.6397800003
XO4115321261,20230105130500,20230105,130500,2023,1,5,13,5,목요일,겨울,1,경기도,,,,,20230105130536,20230105,130536,N,126.5049,37.7435,,20230105131533,,20230105130625,20230105135623,김포소방서,통진119안전센터,경기도,김포시,월곶면,126.5300198308,37.7303564792
XO4115321114,20230105130536,20230105,130536,2023,1,5,13,5,목요일,겨울,1,경기도,,,,,20230105130751,20230105,130751,N,126.5049,37.7435,,20230105131533,,20230105130625,20230105135623,김포소방서,통진119안전센터,경기도,김포시,월곶면,126.5300198308,37.7303564792
XO4115321269,20230105130606,20230105,130606,2023,1,5,13,6,목요일,겨울,1,경기도,김포시,장기동,도시,동,20230105130712,20230105,130712,N,0,0,,20230105131533,,20230105130625,20230105135623,김포소방서,통진119안전센터,경기도,김포시,월곶면,126.5300198308,37.7303564792
XO4115321018,20230105115746,20230105,115746,2023,1,5,11,57,목요일,겨울,1,경기도,,,,,20230105115822,20230105,115822,N,127.1698,37.3573,,,,20230105134729,20230105134938,광주소방서,능평119안전센터,경기도,광주시,능평동,127.1692588793,37.3578172377
XO3600845936,20230105141300,20230105,141300,2023,1,5,14,13,목요일,겨울,1,세종특별자치시,,,,,20230105141306,20230105,141306,N,0,0,,,,,20230105150954,,,세종특별자치시,,부강면,127.3707680888,36.5296973795
XO1141416107,20230105235732,20230105,235732,2023,1,5,23,57,목요일,겨울,1,서울특별시,,,,,20230105235920,20230105,235920,N,127.146,37.4802,20230105235921,20230106000702,,20230106010117,20230106013121,송파소방서,거여119안전센터,서울특별시,송파구,장지동,127.1460548434,37.4802243008
XO4136457911,20230106001202,20230106,1202,2023,1,6,0,12,금요일,겨울,1,경기도,남양주시,조안면,농촌,면,20230106001307,20230106,1307,N,127.2902,37.5492,,20230106003107,20230106005615,20230106012916,20230106012955,남양주소방서,와부119안전센터,경기도,남양주시,조안면,127.2927437051,37.548498171
XO4136457908,20230106000953,20230106,953,2023,1,6,0,9,금요일,겨울,1,경기도,남양주시,진접읍,농촌,읍,20230106001103,20230106,1103,N,127.2016,37.7108,,20230106002225,20230106005552,20230106012140,20230106012942,남양주소방서,오남119안전센터,경기도,남양주시,오남읍,127.2018687309,37.7088760621
XO1141416310,20230106010728,20230106,10728,2023,1,6,1,7,금요일,겨울,1,서울특별시,,,,,20230106010808,20230106,10808,N,126.9556,37.5472,20230106010808,,,20230106011042,20230106012931,마포소방서,공덕119안전센터,서울특별시,마포구,공덕동,126.9583383088,37.5478813504
XO4411731328,20230105122145,20230105,122145,2023,1,5,12,21,목요일,겨울,1,충청남도,홍성군,홍북읍,농촌,읍,20230105122302,20230105,122302,N,126.631,36.6164,,20230105123052,20230105125055,20230105131704,20230105131756,홍성소방서,내포119안전센터,충청남도,홍성군,홍북읍,126.6309500541,36.6164015566
XO4809644128,20230105100246,20230105,100246,2023,1,5,10,2,목요일,겨울,1,경상남도,함안군,가야읍,농촌,읍,20230105100303,20230105,100303,N,0,0,,,,20230105143041,20230105151012,함안소방서,가야119안전센터,경상남도,함안군,가야읍,128.4000639923,35.2858602847
XO2816965925,20230106011908,20230106,11908,2023,1,6,1,19,금요일,겨울,1,인천광역시,남동구,구월동,도시,동,20230106012013,20230106,12013,N,126.702,37.4447,20230106012012,20230106012640,,20230106013223,20230106013226,남동소방서,구월119안전센터,인천광역시,남동구,구월동,126.7026386563,37.4447541935
XO2816965928,20230106012058,20230106,12058,2023,1,6,1,20,금요일,겨울,1,인천광역시,남동구,구월동,도시,동,20230106012135,20230106,12135,N,126.7023,37.4447,20230106012012,20230106012640,,20230106013223,20230106013226,남동소방서,구월119안전센터,인천광역시,남동구,구월동,126.7026386563,37.4447541935
XO4411731844,20230105175013,20230105,175013,2023,1,5,17,50,목요일,겨울,1,충청남도,,,,,20230105175040,20230105,175040,N,0,0,,20230105175934,,20230105181120,20230105183642,예산소방서,금오119안전센터,충청남도,예산군,신양면,126.8904831119,36.6206218949
XO1141414773,20230105182519,20230105,182519,2023,1,5,18,25,목요일,겨울,1,서울특별시,,,,,20230105182531,20230105,182531,N,126.9672,37.583,20230105182531,20230105183028,,20230105183634,20230105183638,종로소방서,신교119안전센터,서울특별시,종로구,옥인동,126.9672212999,37.5830352293
XO4115321981,20230105165826,20230105,165826,2023,1,5,16,58,목요일,겨울,1,경기도,하남시,학암동,도시,동,20230105165905,20230105,165905,N,127.1426,37.4739,,20230105171104,20230105173743,20230105183413,20230105183629,하남소방서,감일119안전센터,경기도,성남시 수정구,창곡동,127.1425781254,37.473865509
XO4354759241,20230105172454,20230105,172454,2023,1,5,17,24,목요일,겨울,1,충청북도,제천시,모산동,도시,동,20230105172539,20230105,172539,N,0,0,,20230105172929,,20230105174310,20230105183628,제천소방서,의림지119안전센터,충청북도,제천시,모산동,128.2110709995,37.1703850001
XO4354759242,20230105172551,20230105,172551,2023,1,5,17,25,목요일,겨울,1,충청북도,제천시,모산동,도시,동,20230105172635,20230105,172635,N,128.2118,37.1657,,20230105172929,,20230105174310,20230105183628,제천소방서,의림지119안전센터,충청북도,제천시,모산동,128.2110709995,37.1703850001
XO4354759243,20230105172555,20230105,172555,2023,1,5,17,25,목요일,겨울,1,충청북도,제천시,모산동,도시,동,20230105172629,20230105,172629,N,128.2124,37.1704,,20230105172929,,20230105174310,20230105183628,제천소방서,의림지119안전센터,충청북도,제천시,모산동,128.2110709995,37.1703850001
XO4354759244,20230105172623,20230105,172623,2023,1,5,17,26,목요일,겨울,1,충청북도,,,,,20230105172739,20230105,172739,N,0,0,,20230105172929,,20230105174310,20230105183628,제천소방서,의림지119안전센터,충청북도,제천시,모산동,128.2110709995,37.1703850001
XO4354759245,20230105172839,20230105,172839,2023,1,5,17,28,목요일,겨울,1,충청북도,,,,,20230105172916,20230105,172916,N,128.2112,37.1652,,20230105172929,,20230105174310,20230105183628,제천소방서,의림지119안전센터,충청북도,제천시,모산동,128.2110709995,37.1703850001
XO4115322046,20230105171340,20230105,171340,2023,1,5,17,13,목요일,겨울,1,경기도,하남시,덕풍동,도시,동,20230105171430,20230105,171430,N,127.1993,37.5388,,20230105172708,20230105175155,20230105182912,20230105183624,하남소방서,덕풍119안전센터,경기도,하남시,덕풍동,127.199157866,37.5386965307
XO4711025825,20230105170039,20230105,170039,2023,1,5,17,0,목요일,겨울,1,경상북도,영천시,도동,도시,동,20230105170130,20230105,170130,N,128.9369,35.9619,,20230105170437,20230105172517,20230105170743,20230105183617,영천소방서,남부119안전센터,경상북도,영천시,완산동,128.9377303252,35.9615969306
XO1141411916,20230105020818,20230105,20818,2023,1,5,2,8,목요일,겨울,1,서울특별시,강서구,방화동,도시,동,20230105020906,20230105,20906,N,0,0,20230105020906,20230105021431,20230105022505,20230105025002,20230105025432,강서소방서,방화119안전센터,서울특별시,강서구,방화동,126.814096054,37.5689915371
XO3103704272,20230105125509,20230105,125509,2023,1,5,12,55,목요일,겨울,1,울산광역시,중구,다운동,도시,동,20230105125555,20230105,125555,N,129.2732,35.5577,,20230105130845,20230105132144,20230105134946,20230105134957,중부소방서,태화119안전센터,울산광역시,중구,다운동,129.2704614878,35.5595050453
XO2786449647,20230105034443,20230105,34443,2023,1,5,3,44,목요일,겨울,1,대구광역시,달서구,두류동,도시,동,20230105034610,20230105,34610,N,128.5585,35.8564,20230105034610,20230105035146,20230105035819,20230105041706,20230105042200,달서소방서,본리119안전센터,대구광역시,달서구,두류동,128.5587528348,35.8572092081
XO2816965236,20230105161639,20230105,161639,2023,1,5,16,16,목요일,겨울,1,인천광역시,,,,,20230105161710,20230105,161710,N,126.728,37.4897,20230105161710,20230105162705,,20230105171426,20230105171700,부평소방서,부평119안전센터,인천광역시,부평구,부평동,126.7280000002,37.4896499996
XO1141414080,20230105152528,20230105,152528,2023,1,5,15,25,목요일,겨울,1,서울특별시,서초구,반포동,도시,동,20230105152746,20230105,152746,N,0,0,20230105152746,20230105153100,,20230105152929,20230105171643,서초소방서,반포119안전센터,서울특별시,서초구,반포동,127.0044741952,37.503184563
XO4354759174,20230105154406,20230105,154406,2023,1,5,15,44,목요일,겨울,1,충청북도,충주시,주덕읍,농촌,읍,20230105154517,20230105,154517,N,0,0,,20230105155144,,20230105161800,20230105171633,제천소방서,화산안전센터,충청북도,제천시,신백동,128.2261586012,37.1313005851
XO4354759185,20230105155520,20230105,155520,2023,1,5,15,55,목요일,겨울,1,충청북도,제천시,신백동,도시,동,20230105155636,20230105,155636,N,128.2239,37.1335,,20230105155144,,20230105161800,20230105171633,제천소방서,화산안전센터,충청북도,제천시,신백동,128.2261586012,37.1313005851
XO1141413990,20230105150056,20230105,150056,2023,1,5,15,0,목요일,겨울,1,서울특별시,,,,,20230105150246,20230105,150246,N,127.0122,37.528,20230105150246,20230105151031,20230105155859,20230105171614,20230105171631,중부소방서,신당119안전센터,서울특별시,중구,신당동,127.0128699561,37.5506533183
XO3103704423,20230105163303,20230105,163303,2023,1,5,16,33,목요일,겨울,1,울산광역시,동구,화정동,도시,동,20230105163354,20230105,163354,N,129.4277,35.485,,20230105163932,20230105165724,20230105171606,20230105171619,동부소방서,화암119안전센터,울산광역시,동구,방어동,129.4274464238,35.4855810242
XO4115321745,20230105152915,20230105,152915,2023,1,5,15,29,목요일,겨울,1,경기도,,,,,20230105153043,20230105,153043,N,127.1558,37.4334,,20230105153949,,,20230105171611,성남소방서,상대원119안전센터,경기도,성남시 중원구,하대원동,127.1558353752,37.4336515698
XO4711025732,20230105155953,20230105,155953,2023,1,5,15,59,목요일,겨울,1,경상북도,예천군,개포면,농촌,면,20230105160101,20230105,160101,N,128.3549,36.6081,,20230105161144,20230105163535,20230105171556,20230105171604,예천소방서,지보119안전센터,경상북도,예천군,개포면,128.3549019996,36.6081080002
XO4354759210,20230105163651,20230105,163651,2023,1,5,16,36,목요일,겨울,1,충청북도,,,,,20230105163813,20230105,163813,N,0,0,,20230105170054,,20230105170121,20230105171602,동부소방서,북문안전센터,충청북도,청주시 상당구,북문로2가,127.4900688589,36.6432867196
XO4711025757,20230105161053,20230105,161053,2023,1,5,16,10,목요일,겨울,1,경상북도,구미시,해평면,농촌,면,20230105161118,20230105,161118,N,0,0,,,,20230105171424,20230105171547,구미소방서,해평119안전센터,경상북도,구미시,해평면,128.3910993944,36.1988932999
XO4115321411,20230105134820,20230105,134820,2023,1,5,13,48,목요일,겨울,1,경기도,,,,,20230105135209,20230105,135209,N,127.1068,37.6391,,20230105140800,20230105142537,20230105144227,20230105144458,화성소방서,목동119안전센터,경기도,화성시,영천동,127.104106745,37.2113943632
XO4411731462,20230105135545,20230105,135545,2023,1,5,13,55,목요일,겨울,1,충청남도,서천군,장항읍,농촌,읍,20230105135611,20230105,135611,N,0,0,,,,20230105144410,20230105144437,서천소방서,장항119안전센터,충청남도,서천군,장항읍,126.6828975464,36.0134953887
XO4208254063,20230105140302,20230105,140302,2023,1,5,14,3,목요일,겨울,1,강원도,,,,,20230105140441,20230105,140441,N,127.9367,37.3645,,20230105144352,20230105150527,20230105145216,20230105165049,원주소방서,우산119안전센터,강원도,원주시,호저면,127.8867132649,37.4661343013
XO4208254103,20230105142327,20230105,142327,2023,1,5,14,23,목요일,겨울,1,강원도,원주시,봉산동,도시,동,20230105142433,20230105,142433,N,0,0,,20230105144352,20230105150527,20230105145216,20230105165049,원주소방서,우산119안전센터,강원도,원주시,호저면,127.8867132649,37.4661343013
XO4208254114,20230105142912,20230105,142912,2023,1,5,14,29,목요일,겨울,1,강원도,원주시,봉산동,도시,동,20230105143149,20230105,143149,N,0,0,,20230105144352,20230105150527,20230105145216,20230105165049,원주소방서,우산119안전센터,강원도,원주시,호저면,127.8867132649,37.4661343013
XO4208254129,20230105144413,20230105,144413,2023,1,5,14,44,목요일,겨울,1,강원도,원주시,봉산동,도시,동,20230105144503,20230105,144503,N,0,0,,20230105144352,20230105150527,20230105145216,20230105165049,원주소방서,우산119안전센터,강원도,원주시,호저면,127.8867132649,37.4661343013
XO4208254135,20230105144804,20230105,144804,2023,1,5,14,48,목요일,겨울,1,강원도,원주시,호저면,농촌,면,20230105145049,20230105,145049,N,127.8885,37.4517,,20230105144352,20230105150527,20230105145216,20230105165049,원주소방서,우산119안전센터,강원도,원주시,호저면,127.8867132649,37.4661343013
XO4354759450,20230105213400,20230105,213400,2023,1,5,21,34,목요일,겨울,1,충청북도,음성군,대소면,농촌,면,20230105213533,20230105,213533,N,127.4976,36.9653,,20230105214448,20230105221241,20230106002957,20230106003410,음성소방서,대소안전센터,충청북도,음성군,대소면,127.4979028254,36.9652142222
XO4354759514,20230105225143,20230105,225143,2023,1,5,22,51,목요일,겨울,1,충청북도,음성군,대소면,농촌,면,20230105225221,20230105,225221,N,127.4863,36.9683,,20230105214448,20230105221241,20230106002957,20230106003410,음성소방서,대소안전센터,충청북도,음성군,대소면,127.4979028254,36.9652142222
XO4411731683,20230105153242,20230105,153242,2023,1,5,15,32,목요일,겨울,1,충청남도,금산군,금산읍,농촌,읍,20230105153259,20230105,153259,N,0,0,,,,20230105175450,20230105175658,금산소방서,금산119안전센터,충청남도,금산군,금산읍,127.4801840963,36.0999990529
XO4809644429,20230105133139,20230105,133139,2023,1,5,13,31,목요일,겨울,1,경상남도,의령군,의령읍,농촌,읍,20230105133200,20230105,133200,N,128.2538,35.3203,,,,20230105175644,20230105175646,의령소방서,의령119안전센터,경상남도,의령군,의령읍,128.2537994379,35.3203201292
XO4809644706,20230105164320,20230105,164320,2023,1,5,16,43,목요일,겨울,1,경상남도,창녕군,대지면,농촌,면,20230105164332,20230105,164332,N,0,0,,,,20230105175548,20230105175642,창녕소방서,창녕119안전센터,경상남도,창녕군,대지면,128.4798473256,35.5510692037
XO4711025812,20230105164746,20230105,164746,2023,1,5,16,47,목요일,겨울,1,경상북도,영주시,순흥면,농촌,면,20230105164758,20230105,164758,N,0,0,,,,20230105171240,20230105171537,영주소방서,풍기119안전센터,경상북도,영주시,순흥면,128.5760810829,36.916536872
XO2622794333,20230105192141,20230105,192141,2023,1,5,19,21,목요일,겨울,1,부산광역시,,,,,20230105192154,20230105,192154,N,129.0953,35.2169,20230105192154,20230105192918,,20230105194605,20230105195653,금정소방서,서동119안전센터,부산광역시,금정구,서동,129.0952999998,35.2168700001
XO4115322635,20230105201603,20230105,201603,2023,1,5,20,16,목요일,겨울,1,경기도,시흥시,대야동,도시,동,20230105202234,20230105,202234,N,126.7901,37.4435,,20230105202916,,20230105204827,20230105220202,시흥소방서,은행119안전센터,경기도,시흥시,대야동,126.7875231329,37.4466571267
XO4411731046,20230105090503,20230105,90503,2023,1,5,9,5,목요일,겨울,1,충청남도,당진시,송악읍,농촌,읍,20230105090550,20230105,90550,N,126.7426,36.8722,,20230105091904,20230105093941,20230105100418,20230105100456,당진소방서,송악119안전센터,충청남도,당진시,송악읍,126.730119921,36.8780880427
XO2816964740,20230105082212,20230105,82212,2023,1,5,8,22,목요일,겨울,1,인천광역시,중구,남북동,도시,동,20230105082258,20230105,82258,N,126.4193,37.4496,20230105082258,20230105084509,,20230105085551,20230105085553,영종소방서,용유119안전센터,인천광역시,중구,남북동,126.4192909995,37.4495920002
XO4208253631,20230105081315,20230105,81315,2023,1,5,8,13,목요일,겨울,1,강원도,,,,,20230105081421,20230105,81421,N,128.8492,37.822,,20230105082547,20230105083659,20230105085541,20230105085617,강릉소방서,경포119안전센터,강원도,강릉시,사천면,128.8491579995,37.8220439995
XO4610258949,20230105073440,20230105,73440,2023,1,5,7,34,목요일,겨울,1,전라남도,해남군,송지면,농촌,면,20230105073645,20230105,73645,N,126.5501,34.3725,,20230105074702,20230105082024,20230105085301,20230105085625,해남소방서,땅끝119안전센터,전라남도,해남군,송지면,126.5002604624,34.389617578
XO2622793285,20230105083228,20230105,83228,2023,1,5,8,32,목요일,겨울,1,부산광역시,남구,문현동,도시,동,20230105083329,20230105,83329,N,0,0,20230105083329,,,20230105084547,20230105085639,부산진소방서,범일119안전센터,부산광역시,남구,문현동,129.0683889925,35.1379351435
XO2622793288,20230105083322,20230105,83322,2023,1,5,8,33,목요일,겨울,1,부산광역시,남구,문현동,도시,동,20230105083414,20230105,83414,N,129.0681,35.1378,20230105083329,,,20230105084547,20230105085639,부산진소방서,범일119안전센터,부산광역시,남구,문현동,129.0683889925,35.1379351435
XO2622793292,20230105083613,20230105,83613,2023,1,5,8,36,목요일,겨울,1,부산광역시,남구,문현동,도시,동,20230105083654,20230105,83654,N,129.069,35.138,20230105083329,,,20230105084547,20230105085639,부산진소방서,범일119안전센터,부산광역시,남구,문현동,129.0683889925,35.1379351435
XO2622793297,20230105083813,20230105,83813,2023,1,5,8,38,목요일,겨울,1,부산광역시,남구,문현동,도시,동,20230105083907,20230105,83907,N,129.0683,35.1397,20230105083329,,,20230105084547,20230105085639,부산진소방서,범일119안전센터,부산광역시,남구,문현동,129.0683889925,35.1379351435
XO4809643996,20230105081811,20230105,81811,2023,1,5,8,18,목요일,겨울,1,경상남도,,,,,20230105081952,20230105,81952,N,128.6013,34.8787,,,,20230105084634,20230105085648,거제소방서,신현119안전센터,경상남도,거제시,장평동,128.6018061867,34.899691855
XO4208253624,20230105080934,20230105,80934,2023,1,5,8,9,목요일,겨울,1,강원도,강릉시,입암동,도시,동,20230105081016,20230105,81016,N,128.9198,37.7557,,20230105081837,20230105084144,20230105085630,20230105085714,강릉소방서,옥천119안전센터,강원도,강릉시,입암동,128.9204182684,37.7559871068
XO4136456764,20230105075051,20230105,75051,2023,1,5,7,50,목요일,겨울,1,경기도,,,,,20230105075224,20230105,75224,N,126.7942,37.6629,,20230105075703,20230105081346,20230105084618,20230105085801,일산소방서,풍동119안전센터,경기도,고양시 일산동구,풍동,126.7952189653,37.6647682616
XO4411731150,20230105100700,20230105,100700,2023,1,5,10,7,목요일,겨울,1,충청남도,부여군,규암면,농촌,면,20230105100714,20230105,100714,N,0,0,,20230105100820,,20230105112046,20230105112056,부여소방서,백제119안전센터,충청남도,부여군,규암면,126.8822455335,36.2749674596
XO1141412909,20230105095343,20230105,95343,2023,1,5,9,53,목요일,겨울,1,서울특별시,,,,,20230105095439,20230105,95439,N,127.0246,37.6328,20230105095439,20230105100310,,20230105111850,20230105112102,강북소방서,미아119안전센터,서울특별시,강북구,미아동,127.0243356322,37.6337423457
XO4711025110,20230105100313,20230105,100313,2023,1,5,10,3,목요일,겨울,1,경상북도,문경시,산북면,농촌,면,20230105100329,20230105,100329,N,0,0,,,,,20230105112104,문경소방서,점촌119안전센터,경상북도,문경시,산북면,128.2653164651,36.6562169891
XO4809644196,20230105105228,20230105,105228,2023,1,5,10,52,목요일,겨울,1,경상남도,양산시,물금읍,농촌,읍,20230105105255,20230105,105255,N,0,0,,,,20230105110846,20230105112104,양산소방서,물금119안전센터,경상남도,양산시,물금읍,129.0061446657,35.3092126606
XO4711025197,20230105104335,20230105,104335,2023,1,5,10,43,목요일,겨울,1,경상북도,경주시,진현동,도시,동,20230105104351,20230105,104351,N,0,0,,,,20230105112001,20230105112114,경주소방서,불국사119안전센터,경상북도,경주시,진현동,129.3280773266,35.786242445
XO2816965934,20230106012947,20230106,12947,2023,1,6,1,29,금요일,겨울,1,인천광역시,,,,,20230106013124,20230106,13124,N,0,0,20230106013123,20230106013506,20230106013507,20230106013509,20230106013512,남동소방서,간석119안전센터,인천광역시,남동구,간석동,126.7157525698,37.4663715055
XO1141416299,20230106010324,20230106,10324,2023,1,6,1,3,금요일,겨울,1,서울특별시,,,,,20230106010514,20230106,10514,N,127.0705,37.5407,20230106010515,20230106011759,,20230106012812,20230106013452,광진소방서,능동119안전센터,서울특별시,광진구,화양동,127.070140184,37.5411761477
XO4115323257,20230105232016,20230105,232016,2023,1,5,23,20,목요일,겨울,1,경기도,용인시 처인구,역북동,도시,동,20230105232142,20230105,232142,N,127.1923,37.2363,,20230105232717,20230106002537,20230106000056,20230106013439,용인소방서,역북119안전센터,경기도,용인시 처인구,역북동,127.1923370484,37.2364159615
